unixtime,abehinds,ateam,ascore,winner,hgoals,updated,hteamid,is_grand_final,tz,complete,timestr,id,ateamid,year,localtime,roundname,date,is_final,round,agoals,hscore,hbehinds,hteam,venue,winnerteamid
922524000,13,Western Bulldogs,91,Western Bulldogs,12,2022-11-10 21:13:01,1,0,+11:00,100,,21590,18,1999,1999-03-27 19:10:00,Round 1,1999-03-27 19:40:00,0,1,13,78,6,Adelaide,Football Park,18.0
922524000,3,St Kilda,63,Brisbane Lions,23,2022-11-10 21:13:01,2,0,+11:00,100,,21591,15,1999,1999-03-27 18:40:00,Round 1,1999-03-27 19:40:00,0,1,10,152,14,Brisbane Lions,Gabba,2.0
922590600,14,Hawthorn,74,Hawthorn,8,2022-11-10 21:13:01,4,0,+11:00,100,,21592,10,1999,1999-03-28 13:10:00,Round 1,1999-03-28 14:10:00,0,1,10,59,11,Collingwood,M.C.G.,10.0
922351200,17,Carlton,71,Essendon,16,2022-11-10 21:13:01,5,0,+11:00,100,,21587,3,1999,1999-03-25 19:40:00,Round 1,1999-03-25 19:40:00,0,1,9,110,14,Essendon,M.C.G.,5.0
922597800,12,West Coast,102,West Coast,13,2022-11-10 21:13:01,6,0,+11:00,100,,21594,17,1999,1999-03-28 13:10:00,Round 1,1999-03-28 16:10:00,0,1,15,98,20,Fremantle,Subiaco,17.0
922437600,9,North Melbourne,135,Geelong,22,2022-11-10 21:13:01,7,0,+11:00,100,,21588,12,1999,1999-03-26 19:40:00,Round 1,1999-03-26 19:40:00,0,1,21,141,9,Geelong,M.C.G.,7.0
922504200,9,Richmond,87,Melbourne,14,2022-11-10 21:13:01,11,0,+11:00,100,,21589,14,1999,1999-03-27 14:10:00,Round 1,1999-03-27 14:10:00,0,1,13,104,20,Melbourne,M.C.G.,11.0
922590600,13,Port Adelaide,115,Port Adelaide,12,2022-11-10 21:13:01,16,0,+11:00,100,,21593,13,1999,1999-03-28 13:10:00,Round 1,1999-03-28 14:10:00,0,1,17,86,14,Sydney,S.C.G.,13.0
923281800,11,Collingwood,83,Carlton,15,2022-11-10 21:13:01,3,0,+11:00,100,,21661,4,1999,1999-04-05 13:10:00,Round 2,1999-04-05 14:10:00,0,2,12,112,22,Carlton,M.C.G.,3.0
923128800,12,Adelaide,60,Adelaide,8,2022-11-10 21:13:01,10,0,+11:00,100,,21657,1,1999,1999-04-03 18:40:00,Round 2,1999-04-03 19:40:00,0,2,8,56,8,Hawthorn,Waverley Park,1.0
922956000,9,Essendon,141,Essendon,15,2022-11-10 21:13:01,12,0,+11:00,100,,21654,5,1999,1999-04-01 18:40:00,Round 2,1999-04-01 19:40:00,0,2,22,106,16,North Melbourne,M.C.G.,5.0
923195400,11,Fremantle,101,Port Adelaide,17,2022-11-10 21:13:01,13,0,+11:00,100,,21660,6,1999,1999-04-04 12:40:00,Round 2,1999-04-04 14:10:00,0,2,15,114,12,Port Adelaide,Football Park,13.0
923109000,18,Sydney,96,Richmond,15,2022-11-10 21:13:01,14,0,+11:00,100,,21656,16,1999,1999-04-03 13:10:00,Round 2,1999-04-03 14:10:00,0,2,13,108,18,Richmond,M.C.G.,14.0
923195400,6,Melbourne,84,St Kilda,19,2022-11-10 21:13:01,15,0,+11:00,100,,21659,11,1999,1999-04-04 13:10:00,Round 2,1999-04-04 14:10:00,0,2,13,130,16,St Kilda,Waverley Park,15.0
923133600,7,Brisbane Lions,73,West Coast,11,2022-11-10 21:13:01,17,0,+11:00,100,,21658,2,1999,1999-04-03 18:00:00,Round 2,1999-04-03 21:00:00,0,2,11,83,17,West Coast,Subiaco,17.0
923109000,11,Geelong,155,Geelong,20,2022-11-10 21:13:01,18,0,+11:00,100,,21655,7,1999,1999-04-03 13:10:00,Round 2,1999-04-03 14:10:00,0,2,24,134,14,Western Bulldogs,Princes Park,7.0
923823600,15,St Kilda,81,Adelaide,14,2022-11-10 21:13:01,1,0,+11:00,100,,21669,15,1999,1999-04-11 19:10:00,Round 3,1999-04-11 20:40:00,0,3,11,96,12,Adelaide,Football Park,1.0
923733600,13,Port Adelaide,103,Port Adelaide,11,2022-11-10 21:13:01,2,0,+11:00,100,,21665,13,1999,1999-04-10 18:40:00,Round 3,1999-04-10 19:40:00,0,3,15,80,14,Brisbane Lions,Gabba,13.0
923800200,15,West Coast,111,West Coast,11,2022-11-10 21:13:01,4,0,+11:00,100,,21668,17,1999,1999-04-11 13:10:00,Round 3,1999-04-11 14:10:00,0,3,16,75,9,Collingwood,Victoria Park,17.0
923713800,14,Sydney,68,Essendon,22,2022-11-10 21:13:01,5,0,+11:00,100,,21663,16,1999,1999-04-10 13:10:00,Round 3,1999-04-10 14:10:00,0,3,9,149,17,Essendon,M.C.G.,5.0
923737200,16,Hawthorn,112,Hawthorn,11,2022-11-10 21:13:01,6,0,+11:00,100,,21666,10,1999,1999-04-10 17:40:00,Round 3,1999-04-10 20:40:00,0,3,16,78,12,Fremantle,Subiaco,10.0
923713800,19,Melbourne,91,Geelong,14,2022-11-10 21:13:01,7,0,+11:00,100,,21664,11,1999,1999-04-10 13:10:00,Round 3,1999-04-10 14:10:00,0,3,12,97,13,Geelong,Kardinia Park,7.0
923647200,10,North Melbourne,100,North Melbourne,13,2022-11-10 21:13:01,14,0,+11:00,100,,21662,12,1999,1999-04-09 18:40:00,Round 3,1999-04-09 19:40:00,0,3,15,90,12,Richmond,M.C.G.,12.0
923800200,15,Carlton,105,Carlton,15,2022-11-10 21:13:01,18,0,+11:00,100,,21667,3,1999,1999-04-11 13:10:00,Round 3,1999-04-11 14:10:00,0,3,15,103,13,Western Bulldogs,Princes Park,3.0
924338400,6,Adelaide,54,Brisbane Lions,17,2022-11-10 21:13:01,2,0,+11:00,100,,21706,1,1999,1999-04-17 18:40:00,Round 4,1999-04-17 19:40:00,0,4,8,115,13,Brisbane Lions,Gabba,2.0
924318600,8,Fremantle,92,Carlton,19,2022-11-10 21:13:01,3,0,+11:00,100,,21703,6,1999,1999-04-17 13:10:00,Round 4,1999-04-17 14:10:00,0,4,14,121,7,Carlton,Princes Park,3.0
924318600,14,Richmond,146,Richmond,14,2022-11-10 21:13:01,4,0,+11:00,100,,21704,14,1999,1999-04-17 13:10:00,Round 4,1999-04-17 14:10:00,0,4,22,96,12,Collingwood,M.C.G.,14.0
924252000,12,Hawthorn,84,Melbourne,12,2022-11-10 21:13:01,11,0,+11:00,100,,21702,10,1999,1999-04-16 18:40:00,Round 4,1999-04-16 19:40:00,0,4,12,85,13,Melbourne,M.C.G.,11.0
924405000,13,Geelong,115,Geelong,10,2022-11-10 21:13:01,13,0,+11:00,100,,21708,7,1999,1999-04-18 12:40:00,Round 4,1999-04-18 14:10:00,0,4,17,74,14,Port Adelaide,Football Park,7.0
924318600,9,Western Bulldogs,99,St Kilda,16,2022-11-10 21:13:01,15,0,+11:00,100,,21705,18,1999,1999-04-17 13:10:00,Round 4,1999-04-17 14:10:00,0,4,15,107,11,St Kilda,Waverley Park,15.0
924338400,10,North Melbourne,70,Sydney,10,2022-11-10 21:13:01,16,0,+11:00,100,,21707,12,1999,1999-04-17 18:40:00,Round 4,1999-04-17 19:40:00,0,4,10,72,12,Sydney,S.C.G.,16.0
924414600,5,Essendon,23,West Coast,15,2022-11-10 21:13:01,17,0,+11:00,100,,21709,5,1999,1999-04-18 13:50:00,Round 4,1999-04-18 16:50:00,0,4,3,97,7,West Coast,Subiaco,17.0
925009800,8,Sydney,74,Adelaide,23,2022-11-10 21:13:01,1,0,+11:00,100,,21684,16,1999,1999-04-25 12:40:00,Round 5,1999-04-25 14:10:00,0,5,11,155,17,Adelaide,Football Park,1.0
924923400,13,Geelong,115,Geelong,9,2022-11-10 21:13:01,3,0,+11:00,100,,21679,7,1999,1999-04-24 13:10:00,Round 5,1999-04-24 14:10:00,0,5,17,65,11,Carlton,Princes Park,7.0
925009800,10,Collingwood,100,Essendon,15,2022-11-10 21:13:01,5,0,+11:00,100,,21683,4,1999,1999-04-25 13:10:00,Round 5,1999-04-25 14:10:00,0,5,15,108,18,Essendon,M.C.G.,5.0
925034400,18,Brisbane Lions,108,Brisbane Lions,7,2022-11-10 21:13:01,6,0,+11:00,100,,21685,2,1999,1999-04-25 18:00:00,Round 5,1999-04-25 21:00:00,0,5,15,53,11,Fremantle,Subiaco,2.0
924923400,10,West Coast,94,West Coast,9,2022-11-10 21:13:01,10,0,+11:00,100,,21680,17,1999,1999-04-24 13:10:00,Round 5,1999-04-24 14:10:00,0,5,14,68,14,Hawthorn,Waverley Park,17.0
924923400,12,Port Adelaide,66,Melbourne,13,2022-11-10 21:13:01,11,0,+11:00,100,,21681,13,1999,1999-04-24 13:10:00,Round 5,1999-04-24 14:10:00,0,5,9,90,12,Melbourne,M.C.G.,11.0
924943200,12,St Kilda,90,North Melbourne,14,2022-11-10 21:13:01,12,0,+11:00,100,,21682,15,1999,1999-04-24 18:40:00,Round 5,1999-04-24 19:40:00,0,5,13,92,8,North Melbourne,S.C.G.,12.0
924856800,9,Richmond,81,Western Bulldogs,21,2022-11-10 21:13:01,18,0,+11:00,100,,21678,14,1999,1999-04-23 18:40:00,Round 5,1999-04-23 19:40:00,0,5,12,143,17,Western Bulldogs,M.C.G.,18.0
925614600,15,Port Adelaide,87,Adelaide,18,2022-11-10 21:13:01,1,0,+11:00,100,,21753,13,1999,1999-05-02 12:40:00,Round 6,1999-05-02 14:10:00,0,6,12,115,7,Adelaide,Football Park,1.0
925548000,10,Melbourne,70,Brisbane Lions,14,2022-11-10 21:13:01,2,0,+11:00,100,,21749,11,1999,1999-05-01 18:40:00,Round 6,1999-05-01 19:40:00,0,6,10,93,9,Brisbane Lions,Gabba,2.0
925614600,11,North Melbourne,137,North Melbourne,16,2022-11-10 21:13:01,4,0,+11:00,100,,21751,12,1999,1999-05-02 13:10:00,Round 6,1999-05-02 14:10:00,0,6,21,109,13,Collingwood,M.C.G.,12.0
925528200,16,Hawthorn,100,Hawthorn,14,2022-11-10 21:13:01,7,0,+11:00,100,,21748,10,1999,1999-05-01 13:10:00,Round 6,1999-05-01 14:10:00,0,6,14,98,14,Geelong,Kardinia Park,10.0
925528200,11,Essendon,113,Essendon,11,2022-11-10 21:13:01,14,0,+11:00,100,,21747,5,1999,1999-05-01 13:10:00,Round 6,1999-05-01 14:10:00,0,6,17,78,12,Richmond,M.C.G.,5.0
925461600,16,Carlton,58,St Kilda,14,2022-11-10 21:13:01,15,0,+11:00,100,,21746,3,1999,1999-04-30 18:40:00,Round 6,1999-04-30 19:40:00,0,6,7,99,15,St Kilda,M.C.G.,15.0
925614600,9,Fremantle,75,Sydney,15,2022-11-10 21:13:01,16,0,+11:00,100,,21752,6,1999,1999-05-02 13:10:00,Round 6,1999-05-02 14:10:00,0,6,11,100,10,Sydney,S.C.G.,16.0
925552800,10,Western Bulldogs,52,West Coast,18,2022-11-10 21:13:01,17,0,+11:00,100,,21750,18,1999,1999-05-01 18:00:00,Round 6,1999-05-01 21:00:00,0,6,7,124,16,West Coast,Subiaco,17.0
926152800,8,Collingwood,62,Brisbane Lions,13,2022-11-10 21:13:01,2,0,+11:00,100,,21633,4,1999,1999-05-08 18:40:00,Round 7,1999-05-08 19:40:00,0,7,9,96,18,Brisbane Lions,Gabba,2.0
926066400,14,Richmond,98,Carlton,18,2022-11-10 21:13:01,3,0,+11:00,100,,21630,14,1999,1999-05-07 18:40:00,Round 7,1999-05-07 19:40:00,0,7,14,118,10,Carlton,M.C.G.,3.0
926223600,9,Geelong,99,Fremantle,16,2022-11-10 21:13:01,6,0,+11:00,100,,21637,7,1999,1999-05-09 12:20:00,Round 7,1999-05-09 15:20:00,0,7,15,116,20,Fremantle,Subiaco,6.0
926133000,11,Essendon,113,Melbourne,20,2022-11-10 21:13:01,11,0,+11:00,100,,21631,5,1999,1999-05-08 13:10:00,Round 7,1999-05-08 14:10:00,0,7,17,134,14,Melbourne,M.C.G.,11.0
926219400,13,Adelaide,85,North Melbourne,22,2022-11-10 21:13:01,12,0,+11:00,100,,21635,1,1999,1999-05-09 13:10:00,Round 7,1999-05-09 14:10:00,0,7,12,141,9,North Melbourne,M.C.G.,12.0
926156400,12,Western Bulldogs,120,Western Bulldogs,10,2022-11-10 21:13:01,13,0,+11:00,100,,21634,18,1999,1999-05-08 19:10:00,Round 7,1999-05-08 20:40:00,0,7,18,75,15,Port Adelaide,Football Park,18.0
926133000,6,West Coast,48,St Kilda,9,2022-11-10 21:13:01,15,0,+11:00,100,,21632,17,1999,1999-05-08 13:10:00,Round 7,1999-05-08 14:10:00,0,7,7,68,14,St Kilda,Waverley Park,15.0
926221200,7,Hawthorn,103,Sydney,20,2022-11-10 21:13:01,16,0,+11:00,100,,21636,10,1999,1999-05-09 13:40:00,Round 7,1999-05-09 14:40:00,0,7,16,131,11,Sydney,S.C.G.,16.0
926737800,11,Fremantle,59,Collingwood,14,2022-11-10 21:13:01,4,0,+11:00,100,,21572,6,1999,1999-05-15 13:10:00,Round 8,1999-05-15 14:10:00,0,8,8,99,15,Collingwood,M.C.G.,4.0
926671200,16,St Kilda,94,St Kilda,7,2022-11-10 21:13:01,5,0,+11:00,100,,21571,15,1999,1999-05-14 18:40:00,Round 8,1999-05-14 19:40:00,0,8,13,51,9,Essendon,M.C.G.,15.0
926824200,15,Sydney,141,Sydney,14,2022-11-10 21:13:01,7,0,+11:00,100,,21576,16,1999,1999-05-16 13:10:00,Round 8,1999-05-16 14:10:00,0,8,21,100,16,Geelong,Kardinia Park,16.0
926757600,11,North Melbourne,101,North Melbourne,7,2022-11-10 21:13:01,10,0,+11:00,100,,21574,12,1999,1999-05-15 18:40:00,Round 8,1999-05-15 19:40:00,0,8,15,49,7,Hawthorn,Waverley Park,12.0
926757600,8,Carlton,86,Port Adelaide,19,2022-11-10 21:13:01,13,0,+11:00,100,,21575,3,1999,1999-05-15 18:10:00,Round 8,1999-05-15 19:40:00,0,8,13,125,11,Port Adelaide,Football Park,13.0
926824200,17,Brisbane Lions,119,Richmond,21,2022-11-10 21:13:01,14,0,+11:00,100,,21577,2,1999,1999-05-16 13:10:00,Round 8,1999-05-16 14:10:00,0,8,17,135,9,Richmond,M.C.G.,14.0
926830200,6,Adelaide,72,West Coast,19,2022-11-10 21:13:01,17,0,+11:00,100,,21578,1,1999,1999-05-16 12:50:00,Round 8,1999-05-16 15:50:00,0,8,11,126,12,West Coast,Subiaco,17.0
926737800,11,Melbourne,53,Western Bulldogs,17,2022-11-10 21:13:01,18,0,+11:00,100,,21573,11,1999,1999-05-15 13:10:00,Round 8,1999-05-15 14:10:00,0,8,7,117,15,Western Bulldogs,Princes Park,18.0
927362400,6,Richmond,78,Richmond,9,2022-11-10 21:13:01,1,0,+11:00,100,,21713,14,1999,1999-05-22 18:10:00,Round 9,1999-05-22 19:40:00,0,9,12,67,13,Adelaide,Football Park,14.0
927430800,21,Geelong,87,Brisbane Lions,22,2022-11-10 21:13:01,2,0,+11:00,100,,21716,7,1999,1999-05-23 13:40:00,Round 9,1999-05-23 14:40:00,0,9,11,144,12,Brisbane Lions,Gabba,2.0
927342600,10,Melbourne,64,Carlton,15,2022-11-10 21:13:01,3,0,+11:00,100,,21711,11,1999,1999-05-22 13:10:00,Round 9,1999-05-22 14:10:00,0,9,9,97,7,Carlton,Princes Park,3.0
927276000,12,Western Bulldogs,126,Western Bulldogs,12,2022-11-10 21:13:01,4,0,+11:00,100,,21710,18,1999,1999-05-21 18:40:00,Round 9,1999-05-21 19:40:00,0,9,19,88,16,Collingwood,M.C.G.,18.0
927367200,14,North Melbourne,116,North Melbourne,12,2022-11-10 21:13:01,6,0,+11:00,100,,21714,12,1999,1999-05-22 18:00:00,Round 9,1999-05-22 21:00:00,0,9,17,86,14,Fremantle,Subiaco,12.0
927342600,17,Essendon,107,Essendon,7,2022-11-10 21:13:01,10,0,+11:00,100,,21712,5,1999,1999-05-22 13:10:00,Round 9,1999-05-22 14:10:00,0,9,15,47,5,Hawthorn,Waverley Park,5.0
927429000,15,Port Adelaide,57,St Kilda,18,2022-11-10 21:13:01,15,0,+11:00,100,,21715,13,1999,1999-05-23 13:10:00,Round 9,1999-05-23 14:10:00,0,9,7,119,11,St Kilda,Waverley Park,15.0
927433200,10,West Coast,94,West Coast,11,2022-11-10 21:13:01,16,0,+11:00,100,,21717,17,1999,1999-05-23 14:20:00,Round 9,1999-05-23 15:20:00,0,9,14,81,15,Sydney,S.C.G.,17.0
928489200,13,Essendon,109,Essendon,8,2022-11-10 21:13:01,1,0,+11:00,100,,21687,5,1999,1999-06-04 19:10:00,Round 10,1999-06-04 20:40:00,0,10,16,61,13,Adelaide,Football Park,5.0
928572000,12,Western Bulldogs,66,Western Bulldogs,6,2022-11-10 21:13:01,2,0,+11:00,100,,21690,18,1999,1999-06-05 18:40:00,Round 10,1999-06-05 19:40:00,0,10,9,44,8,Brisbane Lions,Gabba,18.0
928552200,10,St Kilda,118,St Kilda,16,2022-11-10 21:13:01,7,0,+11:00,100,,21688,15,1999,1999-06-05 13:10:00,Round 10,1999-06-05 14:10:00,0,10,18,108,12,Geelong,Kardinia Park,15.0
928485600,12,Fremantle,144,Fremantle,13,2022-11-10 21:13:01,11,0,+11:00,100,,21686,6,1999,1999-06-04 18:40:00,Round 10,1999-06-04 19:40:00,0,10,22,90,12,Melbourne,M.C.G.,6.0
928638600,18,Port Adelaide,126,North Melbourne,20,2022-11-10 21:13:01,12,0,+11:00,100,,21691,13,1999,1999-06-06 13:10:00,Round 10,1999-06-06 14:10:00,0,10,18,133,13,North Melbourne,M.C.G.,12.0
928552200,15,Hawthorn,87,Hawthorn,11,2022-11-10 21:13:01,14,0,+11:00,100,,21689,10,1999,1999-06-05 13:10:00,Round 10,1999-06-05 14:10:00,0,10,12,81,15,Richmond,M.C.G.,10.0
928640400,10,Collingwood,94,Sydney,22,2022-11-10 21:13:01,16,0,+11:00,100,,21692,4,1999,1999-06-06 13:40:00,Round 10,1999-06-06 14:40:00,0,10,14,145,13,Sydney,S.C.G.,16.0
928642800,11,Carlton,101,Carlton,12,2022-11-10 21:13:01,17,0,+11:00,100,,21693,3,1999,1999-06-06 12:20:00,Round 10,1999-06-06 15:20:00,0,10,15,84,12,West Coast,Subiaco,3.0
929157000,16,Brisbane Lions,94,Brisbane Lions,12,2022-11-10 21:13:01,3,0,+11:00,100,,21639,2,1999,1999-06-12 13:10:00,Round 11,1999-06-12 14:10:00,0,11,13,78,6,Carlton,Princes Park,2.0
929329800,11,Melbourne,89,Melbourne,11,2022-11-10 21:13:01,4,0,+11:00,100,,21644,11,1999,1999-06-14 13:10:00,Round 11,1999-06-14 14:10:00,0,11,13,78,12,Collingwood,M.C.G.,11.0
929090400,14,Geelong,104,Essendon,21,2022-11-10 21:13:01,5,0,+11:00,100,,21638,7,1999,1999-06-11 18:40:00,Round 11,1999-06-11 19:40:00,0,11,15,137,11,Essendon,M.C.G.,5.0
929243400,11,Adelaide,83,Fremantle,18,2022-11-10 21:13:01,6,0,+11:00,100,,21643,1,1999,1999-06-13 11:10:00,Round 11,1999-06-13 14:10:00,0,11,12,122,14,Fremantle,Subiaco,6.0
929331600,10,West Coast,64,North Melbourne,12,2022-11-10 21:13:01,12,0,+11:00,100,,21645,17,1999,1999-06-14 13:40:00,Round 11,1999-06-14 14:40:00,0,11,9,84,12,North Melbourne,S.C.G.,12.0
929180400,12,Richmond,30,Port Adelaide,4,2022-11-10 21:13:01,13,0,+11:00,100,,21641,14,1999,1999-06-12 19:10:00,Round 11,1999-06-12 20:40:00,0,11,3,32,8,Port Adelaide,Football Park,13.0
929157000,12,Sydney,102,Sydney,10,2022-11-10 21:13:01,15,0,+11:00,100,,21640,16,1999,1999-06-12 13:10:00,Round 11,1999-06-12 14:10:00,0,11,15,73,13,St Kilda,Waverley Park,16.0
929243400,10,Hawthorn,76,,10,2022-11-10 21:13:01,18,0,+11:00,100,,21642,10,1999,1999-06-13 13:10:00,Round 11,1999-06-13 14:10:00,0,11,11,76,16,Western Bulldogs,Princes Park,
929785200,10,Collingwood,94,Adelaide,14,2022-11-10 21:13:01,1,0,+11:00,100,,21650,4,1999,1999-06-19 19:10:00,Round 12,1999-06-19 20:40:00,0,12,14,99,15,Adelaide,Football Park,1.0
929781600,11,Essendon,89,Essendon,9,2022-11-10 21:13:01,2,0,+11:00,100,,21649,5,1999,1999-06-19 18:40:00,Round 12,1999-06-19 19:40:00,0,12,13,71,17,Brisbane Lions,Gabba,5.0
929848200,16,Sydney,88,Sydney,8,2022-11-10 21:13:01,3,0,+11:00,100,,21651,16,1999,1999-06-20 13:10:00,Round 12,1999-06-20 14:10:00,0,12,12,61,13,Carlton,Princes Park,16.0
929761800,12,St Kilda,96,Hawthorn,17,2022-11-10 21:13:01,10,0,+11:00,100,,21648,15,1999,1999-06-19 13:10:00,Round 12,1999-06-19 14:10:00,0,12,14,109,7,Hawthorn,Waverley Park,10.0
929848200,21,North Melbourne,93,North Melbourne,14,2022-11-10 21:13:01,11,0,+11:00,100,,21652,12,1999,1999-06-20 13:10:00,Round 12,1999-06-20 14:10:00,0,12,12,92,8,Melbourne,M.C.G.,12.0
929695200,12,Geelong,66,Richmond,15,2022-11-10 21:13:01,14,0,+11:00,100,,21646,7,1999,1999-06-18 18:40:00,Round 12,1999-06-18 19:40:00,0,12,9,101,11,Richmond,M.C.G.,14.0
929848200,6,Port Adelaide,72,West Coast,21,2022-11-10 21:13:01,17,0,+11:00,100,,21653,13,1999,1999-06-20 11:10:00,Round 12,1999-06-20 14:10:00,0,12,11,137,11,West Coast,Subiaco,17.0
929761800,13,Fremantle,79,Western Bulldogs,17,2022-11-10 21:13:01,18,0,+11:00,100,,21647,6,1999,1999-06-19 13:10:00,Round 12,1999-06-19 14:10:00,0,12,11,115,13,Western Bulldogs,Princes Park,18.0
930300000,10,Western Bulldogs,76,Essendon,10,2022-11-10 21:13:01,5,0,+11:00,100,,21605,18,1999,1999-06-25 18:40:00,Round 13,1999-06-25 19:40:00,0,13,11,80,20,Essendon,M.C.G.,5.0
930457200,13,Richmond,127,Richmond,19,2022-11-10 21:13:01,6,0,+11:00,100,,21612,14,1999,1999-06-27 12:20:00,Round 13,1999-06-27 15:20:00,0,13,19,126,12,Fremantle,Subiaco,14.0
930366600,16,West Coast,112,West Coast,9,2022-11-10 21:13:01,7,0,+11:00,100,,21607,17,1999,1999-06-26 13:10:00,Round 13,1999-06-26 14:10:00,0,13,16,68,14,Geelong,Kardinia Park,17.0
930453000,13,Adelaide,91,Melbourne,16,2022-11-10 21:13:01,11,0,+11:00,100,,21610,1,1999,1999-06-27 13:10:00,Round 13,1999-06-27 14:10:00,0,13,13,109,13,Melbourne,M.C.G.,11.0
930386400,5,Carlton,53,North Melbourne,13,2022-11-10 21:13:01,12,0,+11:00,100,,21608,3,1999,1999-06-26 18:40:00,Round 13,1999-06-26 19:40:00,0,13,8,89,11,North Melbourne,M.C.G.,12.0
930386400,9,Hawthorn,45,Port Adelaide,8,2022-11-10 21:13:01,13,0,+11:00,100,,21609,10,1999,1999-06-26 18:10:00,Round 13,1999-06-26 19:40:00,0,13,6,65,17,Port Adelaide,Football Park,13.0
930366600,13,Collingwood,103,Collingwood,11,2022-11-10 21:13:01,15,0,+11:00,100,,21606,4,1999,1999-06-26 13:10:00,Round 13,1999-06-26 14:10:00,0,13,15,82,16,St Kilda,Waverley Park,4.0
930454800,13,Brisbane Lions,133,Brisbane Lions,15,2022-11-10 21:13:01,16,0,+11:00,100,,21611,2,1999,1999-06-27 13:40:00,Round 13,1999-06-27 14:40:00,0,13,20,98,8,Sydney,S.C.G.,2.0
931061400,12,Geelong,96,Adelaide,25,2022-11-10 21:13:01,1,0,+11:00,100,,21677,7,1999,1999-07-04 13:40:00,Round 14,1999-07-04 15:10:00,0,14,14,159,9,Adelaide,Football Park,1.0
930904800,16,Port Adelaide,88,Port Adelaide,13,2022-11-10 21:13:01,4,0,+11:00,100,,21670,13,1999,1999-07-02 18:40:00,Round 14,1999-07-02 19:40:00,0,14,12,87,9,Collingwood,M.C.G.,13.0
931057800,12,Fremantle,72,Essendon,16,2022-11-10 21:13:01,5,0,+11:00,100,,21675,6,1999,1999-07-04 13:10:00,Round 14,1999-07-04 14:10:00,0,14,10,108,12,Essendon,M.C.G.,5.0
931057800,11,Carlton,89,Carlton,7,2022-11-10 21:13:01,10,0,+11:00,100,,21674,3,1999,1999-07-04 13:10:00,Round 14,1999-07-04 14:10:00,0,14,13,55,13,Hawthorn,Waverley Park,3.0
930971400,10,Brisbane Lions,100,North Melbourne,15,2022-11-10 21:13:01,12,0,+11:00,100,,21671,2,1999,1999-07-03 13:10:00,Round 14,1999-07-03 14:10:00,0,14,15,102,12,North Melbourne,M.C.G.,12.0
930971400,7,Richmond,55,St Kilda,13,2022-11-10 21:13:01,15,0,+11:00,100,,21672,14,1999,1999-07-03 13:10:00,Round 14,1999-07-03 14:10:00,0,14,8,96,18,St Kilda,Waverley Park,15.0
931059600,15,Western Bulldogs,123,Western Bulldogs,14,2022-11-10 21:13:01,16,0,+11:00,100,,21676,18,1999,1999-07-04 13:40:00,Round 14,1999-07-04 14:40:00,0,14,18,101,17,Sydney,S.C.G.,18.0
930994800,11,Melbourne,77,West Coast,16,2022-11-10 21:13:01,17,0,+11:00,100,,21673,11,1999,1999-07-03 17:40:00,Round 14,1999-07-03 20:40:00,0,14,11,112,16,West Coast,Subiaco,17.0
931596000,7,Hawthorn,61,Brisbane Lions,13,2022-11-10 21:13:01,2,0,+11:00,100,,21618,10,1999,1999-07-10 18:40:00,Round 15,1999-07-10 19:40:00,0,15,9,92,14,Brisbane Lions,Gabba,2.0
931576200,10,Adelaide,88,Carlton,20,2022-11-10 21:13:01,3,0,+11:00,100,,21615,1,1999,1999-07-10 13:10:00,Round 15,1999-07-10 14:10:00,0,15,13,136,16,Carlton,Princes Park,3.0
931600800,12,St Kilda,84,Fremantle,16,2022-11-10 21:13:01,6,0,+11:00,100,,21619,15,1999,1999-07-10 18:00:00,Round 15,1999-07-10 21:00:00,0,15,12,107,11,Fremantle,Subiaco,6.0
931576200,11,Collingwood,125,Geelong,19,2022-11-10 21:13:01,7,0,+11:00,100,,21616,4,1999,1999-07-10 13:10:00,Round 15,1999-07-10 14:10:00,0,15,19,128,14,Geelong,Kardinia Park,7.0
931576200,17,Sydney,125,Sydney,10,2022-11-10 21:13:01,11,0,+11:00,100,,21617,16,1999,1999-07-10 13:10:00,Round 15,1999-07-10 14:10:00,0,15,18,74,14,Melbourne,M.C.G.,16.0
931662600,8,Essendon,62,Port Adelaide,14,2022-11-10 21:13:01,13,0,+11:00,100,,21621,5,1999,1999-07-11 12:40:00,Round 15,1999-07-11 14:10:00,0,15,9,99,15,Port Adelaide,Football Park,13.0
931509600,9,West Coast,75,Richmond,16,2022-11-10 21:13:01,14,0,+11:00,100,,21614,17,1999,1999-07-09 18:40:00,Round 15,1999-07-09 19:40:00,0,15,11,104,8,Richmond,M.C.G.,14.0
931662600,12,North Melbourne,108,Western Bulldogs,23,2022-11-10 21:13:01,18,0,+11:00,100,,21620,12,1999,1999-07-11 13:10:00,Round 15,1999-07-11 14:10:00,0,15,16,150,12,Western Bulldogs,M.C.G.,18.0
932267400,8,Essendon,146,Essendon,9,2022-11-10 21:13:01,3,0,+11:00,100,,21738,5,1999,1999-07-18 13:10:00,Round 16,1999-07-18 14:10:00,0,16,23,70,16,Carlton,M.C.G.,5.0
932267400,16,Collingwood,124,Collingwood,14,2022-11-10 21:13:01,10,0,+11:00,100,,21739,4,1999,1999-07-18 13:10:00,Round 16,1999-07-18 14:10:00,0,16,18,92,8,Hawthorn,Waverley Park,4.0
932200800,10,Geelong,88,North Melbourne,22,2022-11-10 21:13:01,12,0,+11:00,100,,21737,7,1999,1999-07-17 18:40:00,Round 16,1999-07-17 19:40:00,0,16,13,143,11,North Melbourne,S.C.G.,12.0
932267400,10,Sydney,64,Port Adelaide,10,2022-11-10 21:13:01,13,0,+11:00,100,,21740,16,1999,1999-07-18 12:40:00,Round 16,1999-07-18 14:10:00,0,16,9,72,12,Port Adelaide,Football Park,13.0
932114400,4,Melbourne,82,Richmond,15,2022-11-10 21:13:01,14,0,+11:00,100,,21734,11,1999,1999-07-16 18:40:00,Round 16,1999-07-16 19:40:00,0,16,13,107,17,Richmond,M.C.G.,14.0
932181000,11,Brisbane Lions,107,Brisbane Lions,10,2022-11-10 21:13:01,15,0,+11:00,100,,21736,2,1999,1999-07-17 13:10:00,Round 16,1999-07-17 14:10:00,0,16,16,68,8,St Kilda,Waverley Park,2.0
932267400,17,Fremantle,119,Fremantle,11,2022-11-10 21:13:01,17,0,+11:00,100,,21741,6,1999,1999-07-18 11:10:00,Round 16,1999-07-18 14:10:00,0,16,17,72,6,West Coast,Subiaco,6.0
932181000,13,Adelaide,97,Western Bulldogs,14,2022-11-10 21:13:01,18,0,+11:00,100,,21735,1,1999,1999-07-17 13:10:00,Round 16,1999-07-17 14:10:00,0,16,14,99,15,Western Bulldogs,M.C.G.,18.0
932872200,10,Hawthorn,76,Adelaide,18,2022-11-10 21:13:01,1,0,+11:00,100,,21701,10,1999,1999-07-25 12:40:00,Round 17,1999-07-25 14:10:00,0,17,11,125,17,Adelaide,Football Park,1.0
932872200,12,West Coast,66,Brisbane Lions,25,2022-11-10 21:13:01,2,0,+11:00,100,,21700,17,1999,1999-07-25 13:10:00,Round 17,1999-07-25 14:10:00,0,17,9,166,16,Brisbane Lions,Gabba,2.0
932872200,15,Carlton,153,Carlton,14,2022-11-10 21:13:01,4,0,+11:00,100,,21699,3,1999,1999-07-25 13:10:00,Round 17,1999-07-25 14:10:00,0,17,23,96,12,Collingwood,M.C.G.,3.0
932785800,12,North Melbourne,132,Essendon,24,2022-11-10 21:13:01,5,0,+11:00,100,,21695,12,1999,1999-07-24 13:10:00,Round 17,1999-07-24 14:10:00,0,17,20,158,14,Essendon,M.C.G.,5.0
932807400,12,Port Adelaide,96,Port Adelaide,13,2022-11-10 21:13:01,6,0,+11:00,100,,21698,13,1999,1999-07-24 17:10:00,Round 17,1999-07-24 20:10:00,0,17,14,89,11,Fremantle,W.A.C.A.,13.0
932785800,14,Western Bulldogs,98,Western Bulldogs,13,2022-11-10 21:13:01,7,0,+11:00,100,,21696,18,1999,1999-07-24 13:10:00,Round 17,1999-07-24 14:10:00,0,17,14,91,13,Geelong,Kardinia Park,18.0
932719200,14,St Kilda,98,St Kilda,11,2022-11-10 21:13:01,11,0,+11:00,100,,21694,15,1999,1999-07-23 18:40:00,Round 17,1999-07-23 19:40:00,0,17,14,79,13,Melbourne,M.C.G.,15.0
932805600,7,Richmond,55,Sydney,14,2022-11-10 21:13:01,16,0,+11:00,100,,21697,14,1999,1999-07-24 18:40:00,Round 17,1999-07-24 19:40:00,0,17,8,96,12,Sydney,S.C.G.,16.0
933477000,10,Western Bulldogs,94,Carlton,14,2022-11-10 21:13:01,3,0,+11:00,100,,21627,18,1999,1999-08-01 13:10:00,Round 18,1999-08-01 14:10:00,0,18,14,99,15,Carlton,Princes Park,3.0
933477000,23,Fremantle,77,Hawthorn,15,2022-11-10 21:13:01,10,0,+11:00,100,,21628,6,1999,1999-08-01 13:10:00,Round 18,1999-08-01 14:10:00,0,18,9,102,12,Hawthorn,Waverley Park,10.0
933390600,11,Geelong,101,Geelong,12,2022-11-10 21:13:01,11,0,+11:00,100,,21624,7,1999,1999-07-31 13:10:00,Round 18,1999-07-31 14:10:00,0,18,15,80,8,Melbourne,M.C.G.,7.0
933324000,13,Richmond,79,North Melbourne,15,2022-11-10 21:13:01,12,0,+11:00,100,,21622,14,1999,1999-07-30 18:40:00,Round 18,1999-07-30 19:40:00,0,18,11,101,11,North Melbourne,M.C.G.,12.0
933477000,16,Brisbane Lions,118,Brisbane Lions,9,2022-11-10 21:13:01,13,0,+11:00,100,,21629,2,1999,1999-08-01 12:40:00,Round 18,1999-08-01 14:10:00,0,18,17,66,12,Port Adelaide,Football Park,2.0
933390600,9,Adelaide,99,Adelaide,9,2022-11-10 21:13:01,15,0,+11:00,100,,21623,1,1999,1999-07-31 13:10:00,Round 18,1999-07-31 14:10:00,0,18,15,66,12,St Kilda,Waverley Park,1.0
933410400,3,Essendon,93,Essendon,11,2022-11-10 21:13:01,16,0,+11:00,100,,21625,5,1999,1999-07-31 18:40:00,Round 18,1999-07-31 19:40:00,0,18,15,79,13,Sydney,S.C.G.,5.0
933412200,12,Collingwood,72,West Coast,16,2022-11-10 21:13:01,17,0,+11:00,100,,21626,4,1999,1999-07-31 17:10:00,Round 18,1999-07-31 20:10:00,0,18,10,108,12,West Coast,W.A.C.A.,17.0
934081800,17,Brisbane Lions,83,Brisbane Lions,6,2022-11-10 21:13:01,1,0,+11:00,100,,21602,2,1999,1999-08-08 12:40:00,Round 19,1999-08-08 14:10:00,0,19,11,44,8,Adelaide,Football Park,2.0
933928800,3,West Coast,93,Essendon,23,2022-11-10 21:13:01,5,0,+11:00,100,,21595,17,1999,1999-08-06 18:40:00,Round 19,1999-08-06 19:40:00,0,19,15,153,15,Essendon,M.C.G.,5.0
934017000,12,Carlton,126,Carlton,8,2022-11-10 21:13:01,6,0,+11:00,100,,21599,3,1999,1999-08-07 17:10:00,Round 19,1999-08-07 20:10:00,0,19,19,57,9,Fremantle,W.A.C.A.,3.0
933995400,14,Port Adelaide,86,Geelong,18,2022-11-10 21:13:01,7,0,+11:00,100,,21597,13,1999,1999-08-07 13:10:00,Round 19,1999-08-07 14:10:00,0,19,12,118,10,Geelong,Kardinia Park,7.0
934081800,6,Melbourne,54,Hawthorn,18,2022-11-10 21:13:01,10,0,+11:00,100,,21601,11,1999,1999-08-08 13:10:00,Round 19,1999-08-08 14:10:00,0,19,8,122,14,Hawthorn,Waverley Park,10.0
934015200,11,Sydney,101,North Melbourne,17,2022-11-10 21:13:01,12,0,+11:00,100,,21598,16,1999,1999-08-07 18:40:00,Round 19,1999-08-07 19:40:00,0,19,15,111,9,North Melbourne,S.C.G.,12.0
933995400,16,Collingwood,112,Collingwood,10,2022-11-10 21:13:01,14,0,+11:00,100,,21596,4,1999,1999-08-07 13:10:00,Round 19,1999-08-07 14:10:00,0,19,16,79,19,Richmond,M.C.G.,4.0
934081800,13,St Kilda,91,Western Bulldogs,18,2022-11-10 21:13:01,18,0,+11:00,100,,21600,15,1999,1999-08-08 13:10:00,Round 19,1999-08-08 14:10:00,0,19,13,115,7,Western Bulldogs,Princes Park,18.0
934686600,13,Fremantle,67,Brisbane Lions,28,2022-11-10 21:13:01,2,0,+11:00,100,,21586,6,1999,1999-08-15 13:10:00,Round 20,1999-08-15 14:10:00,0,20,9,181,13,Brisbane Lions,Gabba,2.0
934533600,15,Essendon,87,Essendon,10,2022-11-10 21:13:01,4,0,+11:00,100,,21579,5,1999,1999-08-13 18:40:00,Round 20,1999-08-13 19:40:00,0,20,12,65,5,Collingwood,M.C.G.,5.0
934686600,14,Carlton,104,Geelong,17,2022-11-10 21:13:01,7,0,+11:00,100,,21585,3,1999,1999-08-15 13:10:00,Round 20,1999-08-15 14:10:00,0,20,15,113,11,Geelong,M.C.G.,7.0
934620000,10,Melbourne,46,Port Adelaide,8,2022-11-10 21:13:01,13,0,+11:00,100,,21582,11,1999,1999-08-14 18:10:00,Round 20,1999-08-14 19:40:00,0,20,6,63,15,Port Adelaide,Football Park,13.0
934600200,13,Western Bulldogs,115,Western Bulldogs,12,2022-11-10 21:13:01,14,0,+11:00,100,,21580,18,1999,1999-08-14 13:10:00,Round 20,1999-08-14 14:10:00,0,20,17,79,7,Richmond,M.C.G.,18.0
934600200,18,North Melbourne,114,North Melbourne,13,2022-11-10 21:13:01,15,0,+11:00,100,,21581,12,1999,1999-08-14 13:10:00,Round 20,1999-08-14 14:10:00,0,20,16,89,11,St Kilda,Waverley Park,12.0
934686600,11,Adelaide,41,Sydney,25,2022-11-10 21:13:01,16,0,+11:00,100,,21584,1,1999,1999-08-15 13:10:00,Round 20,1999-08-15 14:10:00,0,20,5,159,9,Sydney,S.C.G.,16.0
934621800,12,Hawthorn,84,Hawthorn,11,2022-11-10 21:13:01,17,0,+11:00,100,,21583,10,1999,1999-08-14 17:10:00,Round 20,1999-08-14 20:10:00,0,20,12,82,16,West Coast,W.A.C.A.,10.0
935205000,3,St Kilda,45,Carlton,15,2022-11-10 21:13:01,3,0,+11:00,100,,21727,15,1999,1999-08-21 13:10:00,Round 21,1999-08-21 14:10:00,0,21,7,106,16,Carlton,Princes Park,3.0
935138400,11,Richmond,89,Essendon,22,2022-11-10 21:13:01,5,0,+11:00,100,,21726,14,1999,1999-08-20 18:40:00,Round 21,1999-08-20 19:40:00,0,21,13,147,15,Essendon,M.C.G.,5.0
935226600,19,Sydney,109,Sydney,10,2022-11-10 21:13:01,6,0,+11:00,100,,21730,16,1999,1999-08-21 17:10:00,Round 21,1999-08-21 20:10:00,0,21,15,76,16,Fremantle,W.A.C.A.,16.0
935224800,11,Geelong,101,Hawthorn,15,2022-11-10 21:13:01,10,0,+11:00,100,,21729,7,1999,1999-08-21 18:40:00,Round 21,1999-08-21 19:40:00,0,21,15,103,13,Hawthorn,Waverley Park,10.0
935205000,9,Brisbane Lions,159,Brisbane Lions,15,2022-11-10 21:13:01,11,0,+11:00,100,,21728,2,1999,1999-08-21 13:10:00,Round 21,1999-08-21 14:10:00,0,21,25,104,14,Melbourne,M.C.G.,2.0
935291400,10,Collingwood,100,North Melbourne,16,2022-11-10 21:13:01,12,0,+11:00,100,,21731,4,1999,1999-08-22 13:10:00,Round 21,1999-08-22 14:10:00,0,21,15,113,17,North Melbourne,M.C.G.,12.0
935291400,14,Adelaide,68,Port Adelaide,13,2022-11-10 21:13:01,13,0,+11:00,100,,21733,1,1999,1999-08-22 12:40:00,Round 21,1999-08-22 14:10:00,0,21,9,92,14,Port Adelaide,Football Park,13.0
935291400,8,West Coast,104,Western Bulldogs,16,2022-11-10 21:13:01,18,0,+11:00,100,,21732,17,1999,1999-08-22 13:10:00,Round 21,1999-08-22 14:10:00,0,21,16,106,10,Western Bulldogs,Princes Park,18.0
935896200,10,North Melbourne,142,North Melbourne,8,2022-11-10 21:13:01,1,0,+11:00,100,,21725,12,1999,1999-08-29 12:40:00,Round 22,1999-08-29 14:10:00,0,22,22,66,18,Adelaide,Football Park,12.0
935809800,16,Brisbane Lions,94,Brisbane Lions,8,2022-11-10 21:13:01,4,0,+11:00,100,,21719,2,1999,1999-08-28 13:10:00,Round 22,1999-08-28 14:10:00,0,22,13,52,4,Collingwood,Victoria Park,2.0
935809800,9,Melbourne,99,Essendon,17,2022-11-10 21:13:01,5,0,+11:00,100,,21720,11,1999,1999-08-28 13:10:00,Round 22,1999-08-28 14:10:00,0,22,15,116,14,Essendon,M.C.G.,5.0
935896200,10,Fremantle,88,Geelong,21,2022-11-10 21:13:01,7,0,+11:00,100,,21723,6,1999,1999-08-29 13:10:00,Round 22,1999-08-29 14:10:00,0,22,13,139,13,Geelong,Kardinia Park,7.0
935896200,2,Sydney,68,Hawthorn,23,2022-11-10 21:13:01,10,0,+11:00,100,,21724,16,1999,1999-08-29 13:10:00,Round 22,1999-08-29 14:10:00,0,22,11,153,15,Hawthorn,Waverley Park,10.0
935745000,13,Carlton,79,Richmond,13,2022-11-10 21:13:01,14,0,+11:00,100,,21718,3,1999,1999-08-27 19:10:00,Round 22,1999-08-27 20:10:00,0,22,11,90,12,Richmond,M.C.G.,14.0
935833200,13,St Kilda,121,St Kilda,12,2022-11-10 21:13:01,17,0,+11:00,100,,21722,15,1999,1999-08-28 17:40:00,Round 22,1999-08-28 20:40:00,0,22,18,80,8,West Coast,W.A.C.A.,15.0
935809800,12,Port Adelaide,78,Western Bulldogs,22,2022-11-10 21:13:01,18,0,+11:00,100,,21721,13,1999,1999-08-28 13:10:00,Round 22,1999-08-28 14:10:00,0,22,11,145,13,Western Bulldogs,Princes Park,18.0
936434700,17,Carlton,65,Brisbane Lions,20,2022-11-10 21:13:01,2,0,+11:00,100,,21744,3,1999,1999-09-04 18:45:00,Finals Week 1,1999-09-04 19:45:00,3,23,8,138,18,Brisbane Lions,Gabba,2.0
936502200,12,Sydney,54,Essendon,18,2022-11-10 21:13:01,5,0,+11:00,100,,21745,16,1999,1999-09-05 13:30:00,Finals Week 1,1999-09-05 14:30:00,3,23,7,123,15,Essendon,M.C.G.,5.0
936415800,8,Port Adelaide,56,North Melbourne,15,2022-11-10 21:13:01,12,0,+11:00,100,,21743,13,1999,1999-09-04 13:30:00,Finals Week 1,1999-09-04 14:30:00,3,23,8,100,10,North Melbourne,M.C.G.,12.0
936348300,11,West Coast,65,West Coast,8,2022-11-10 21:13:01,18,0,+11:00,100,,21742,17,1999,1999-09-03 18:45:00,Finals Week 1,1999-09-03 19:45:00,3,23,9,60,12,Western Bulldogs,M.C.G.,17.0
937039500,13,Western Bulldogs,73,Brisbane Lions,19,2022-11-10 21:13:01,2,0,+11:00,100,,21604,18,1999,1999-09-11 18:45:00,Semi-Finals,1999-09-11 19:45:00,4,24,10,126,12,Brisbane Lions,Gabba,2.0
937020600,16,Carlton,124,Carlton,10,2022-11-10 21:13:01,17,0,+11:00,100,,21603,3,1999,1999-09-11 13:30:00,Semi-Finals,1999-09-11 14:30:00,4,24,18,70,10,West Coast,M.C.G.,3.0
937625400,8,Carlton,104,Carlton,14,2022-11-10 21:13:01,5,0,+11:00,100,,21755,3,1999,1999-09-18 13:30:00,Preliminary Finals,1999-09-18 14:30:00,5,25,16,103,19,Essendon,M.C.G.,3.0
937557900,12,Brisbane Lions,78,North Melbourne,19,2022-11-10 21:13:01,12,0,+11:00,100,,21754,2,1999,1999-09-17 18:45:00,Preliminary Finals,1999-09-17 19:45:00,5,25,11,123,9,North Melbourne,M.C.G.,12.0
938232000,10,North Melbourne,124,North Melbourne,12,2022-11-10 21:13:01,3,1,+11:00,100,,21613,12,1999,1999-09-25 14:00:00,Grand Final,1999-09-25 15:00:00,6,26,19,89,17,Carlton,M.C.G.,12.0
